BIRTHDATE;YEAR;AGE;SEX;SPORT_Y_N;SPORT_B;N_SPORTS;SPORT_TYPE;MINUTES;WEEK_DAYS;WEEK_BLOCK;DAY_MOMENT;DAY_M
04/08/2001;2001;22;Masculino (male);Sí, semanalmente (Yes, weekly);Si;1;Gimnasio (Gym);180;Martes (Tuesday), Viernes (Friday), Sábado (Saturday);Week;Tardes (Afternoons);Afternoon_evening
24/12/2001;2001;22;Femenino (female);Sí, esporádicamente (Yes, sporadically);Si;1;Atletismo (correr, marcha etc) (Athletics (running, walking etc)), Natación (Swimming);180;Lunes (Monday), Miércoles (Wednesday);Workweek;Tardes (Afternoons);Afternoon_evening
19/05/1996;1996;27;Masculino (male);Sí, semanalmente (Yes, weekly);Si;2;Ciclismo (Cycling), Atletismo (correr, marcha etc) (Athletics (running, walking etc)), Gimnasio (Gym);300;Martes (Tuesday), Miércoles (Wednesday), Viernes (Friday);Workweek;Tardes (Afternoons);Afternoon_evening
21/08/2001;2001;22;Femenino (female);No;No;1;Gimnasio (Gym);0;Ninguno (None);None;Mañanas (Mornings), Tardes (Afternoons);Any
05/06/1991;1991;32;Masculino (male);No;No;0;Patinaje;0;Ninguno (None);None;Tardes (Afternoons);Afternoon_evening
19/08/2001;2001;22;Femenino (female);Sí, semanalmente (Yes, weekly);Si;2;Gimnasio (Gym), Rugby;600;Lunes (Monday), Martes (Tuesday), Miércoles (Wednesday), Jueves (Thursday), Viernes (Friday), Sábado (Saturday);Week;Noches (Evenings);Afternoon_evening
18/08/2001;2001;22;Masculino (male);Sí, semanalmente (Yes, weekly);Si;1;Balonmano;270;Lunes (Monday), Miércoles (Wednesday), Jueves (Thursday);Workweek;Tardes (Afternoons), Noches (Evenings);Afternoon_evening
09/02/2001;2001;22;Femenino (female);Sí, semanalmente (Yes, weekly);Si;1;Gimnasio (Gym);180;Lunes (Monday), Martes (Tuesday), Miércoles (Wednesday);Workweek;Mañanas (Mornings);Mornings
12/08/2006;2006;17;Femenino (female);No;No;0;Ninguno (None);0;Ninguno (None);None;Ninguno (None);None
14/10/2007;2007;16;Masculino (male);Sí, diariamente (Yes, daily);Si;2;Fútbol (Football);360;Lunes (Monday), Miércoles (Wednesday), Viernes (Friday), Sábado (Saturday);Week;Tardes (Afternoons);Afternoon_evening
17/04/1995;1995;28;Femenino (female);Sí, semanalmente (Yes, weekly);Si;2;Ciclismo (Cycling), Gimnasio (Gym);150;Lunes (Monday), Martes (Tuesday), Jueves (Thursday);Workweek;Tardes (Afternoons);Afternoon_evening
29/07/2000;2000;23;Femenino (female);Sí, semanalmente (Yes, weekly);Si;1;Ciclismo (Cycling);7;Lunes (Monday), Martes (Tuesday), Jueves (Thursday), Viernes (Friday);Workweek;Mañanas (Mornings), Tardes (Afternoons);Any
14/06/1995;1995;28;Masculino (male);Sí, semanalmente (Yes, weekly);Si;1;Gimnasio (Gym);300;Lunes (Monday), Martes (Tuesday), Jueves (Thursday), Viernes (Friday), Sábado (Saturday);Week;Tardes (Afternoons);Afternoon_evening
10/09/2001;2001;22;Femenino (female);Sí, esporádicamente (Yes, sporadically);Si;0;Ninguno (None);0;Ninguno (None);None;Ninguno (None);None
10/02/2001;2001;22;Femenino (female);Sí, semanalmente (Yes, weekly);Si;2;Gimnasio (Gym), Danza;240;Martes (Tuesday), Miércoles (Wednesday), Jueves (Thursday), Sábado (Saturday);Week;Tardes (Afternoons), Noches (Evenings);Afternoon_evening
12/10/2001;2001;22;Femenino (female);Sí, esporádicamente (Yes, sporadically);Si;0;Ninguno (None);0;Ninguno (None);None;Ninguno (None);None
22/01/2001;2001;22;Masculino (male);Sí, semanalmente (Yes, weekly);Si;1;Baloncesto (Basketball), Atletismo (correr, marcha etc) (Athletics (running, walking etc)), Gimnasio (Gym);480;Lunes (Monday), Miércoles (Wednesday), Viernes (Friday), Sábado (Saturday), Domingo (Sunday);Week;Mañanas (Mornings);Mornings
09/03/2000;2000;23;Femenino (female);Sí, semanalmente (Yes, weekly);Si;1;Atletismo (correr, marcha etc) (Athletics (running, walking etc));60;Lunes (Monday), Viernes (Friday);Workweek;Mañanas (Mornings);Mornings
29/01/1969;1969;54;Femenino (female);Sí, diariamente (Yes, daily);Si;3+;Gimnasio (Gym), Yoga;540;Lunes (Monday), Martes (Tuesday), Miércoles (Wednesday), Jueves (Thursday), Viernes (Friday), Sábado (Saturday);Week;Mañanas (Mornings);Mornings
03/03/2001;2001;22;Femenino (female);Sí, esporádicamente (Yes, sporadically);Si;1;Gimnasio (Gym);180;Lunes (Monday), Martes (Tuesday), Jueves (Thursday);Workweek;Mañanas (Mornings);Mornings
03/03/1965;1965;58;Masculino (male);Sí, esporádicamente (Yes, sporadically);Si;1;Caminar ;60;Lunes (Monday), Martes (Tuesday), Miércoles (Wednesday), Jueves (Thursday), Viernes (Friday);Workweek;Mañanas (Mornings), Tardes (Afternoons);Any
02/06/2000;2000;23;Femenino (female);Sí, semanalmente (Yes, weekly);Si;2;Atletismo (correr, marcha etc) (Athletics (running, walking etc)), Gimnasio (Gym);180;Lunes (Monday), Martes (Tuesday), Miércoles (Wednesday);Workweek;Mañanas (Mornings);Mornings
22/08/2002;2002;21;Femenino (female);Sí, esporádicamente (Yes, sporadically);Si;2;Baloncesto (Basketball), Atletismo (correr, marcha etc) (Athletics (running, walking etc));0;Ninguno (None);None;Tardes (Afternoons);Afternoon_evening
18/06/2001;2001;22;Masculino (male);Sí, esporádicamente (Yes, sporadically);Si;2;Fútbol (Football), Tenis/Pádel (Tennis/padel), Ciclismo (Cycling), Gimnasio (Gym);65;Martes (Tuesday), Jueves (Thursday);Workweek;Mañanas (Mornings), Tardes (Afternoons);Any
04/11/2000;2000;23;Femenino (female);Sí, semanalmente (Yes, weekly);Si;2;Atletismo (correr, marcha etc) (Athletics (running, walking etc)), Pilates;200;Lunes (Monday), Miércoles (Wednesday), Viernes (Friday), Domingo (Sunday);Workweek;Mañanas (Mornings), Tardes (Afternoons);Any
07/11/2001;2001;22;Femenino (female);Sí, semanalmente (Yes, weekly);Si;1;Fitboxing;180;Lunes (Monday), Miércoles (Wednesday), Viernes (Friday);Workweek;Tardes (Afternoons);Afternoon_evening
09/08/2001;2001;22;Masculino (male);Sí, diariamente (Yes, daily);Si;2;Tenis/Pádel (Tennis/padel), Gimnasio (Gym);340;Lunes (Monday), Martes (Tuesday), Miércoles (Wednesday), Jueves (Thursday), Sábado (Saturday);Week;Mañanas (Mornings), Noches (Evenings);Any
21/06/2004;2004;19;Femenino (female);No;No;1;Gimnasio (Gym);0;Ninguno (None);None;Tardes (Afternoons);Afternoon_evening
09/07/1983;1983;40;Femenino (female);Sí, semanalmente (Yes, weekly);Si;2;Mezcla de yoga y pilates y caminar ;120;Lunes (Monday), Viernes (Friday);Workweek;Mañanas (Mornings);Mornings
29/07/2001;2001;22;Femenino (female);Sí, diariamente (Yes, daily);Si;3+;Tenis/Pádel (Tennis/padel), Atletismo (correr, marcha etc) (Athletics (running, walking etc)), Gimnasio (Gym);365;Lunes (Monday), Martes (Tuesday), Jueves (Thursday), Viernes (Friday), Domingo (Sunday);Week;Tardes (Afternoons);Afternoon_evening
28/12/2001;2001;22;Femenino (female);Sí, diariamente (Yes, daily);Si;3+;Ciclismo (Cycling), Atletismo (correr, marcha etc) (Athletics (running, walking etc)), Gimnasio (Gym);1080;Lunes (Monday), Martes (Tuesday), Miércoles (Wednesday), Jueves (Thursday), Viernes (Friday), Sábado (Saturday);Week;Mañanas (Mornings);Mornings
26/09/2023;2023;0;Femenino (female);Sí, esporádicamente (Yes, sporadically);Si;1;Atletismo (correr, marcha etc) (Athletics (running, walking etc));0;Lunes (Monday), Miércoles (Wednesday), Viernes (Friday), Domingo (Sunday);Week;Mañanas (Mornings);Mornings
20/02/2002;2002;21;Masculino (male);Sí, semanalmente (Yes, weekly);Si;1;Gimnasio (Gym);180;Lunes (Monday), Miércoles (Wednesday), Viernes (Friday);Workweek;Mañanas (Mornings);Mornings
26/02/1997;1997;26;Femenino (female);Sí, semanalmente (Yes, weekly);Si;1;Yoga;180;Lunes (Monday), Miércoles (Wednesday);Workweek;Tardes (Afternoons);Afternoon_evening
14/06/2004;2004;19;Masculino (male);Sí, semanalmente (Yes, weekly);Si;2;Fútbol (Football), Gimnasio (Gym);420;Lunes (Monday), Martes (Tuesday), Miércoles (Wednesday), Jueves (Thursday), Sábado (Saturday);Week;Tardes (Afternoons);Afternoon_evening
08/04/1968;1968;55;Femenino (female);No;No;0;Ninguno (None);0;Ninguno (None);None;Ninguno (None);None
30/01/1969;1969;54;Femenino (female);Sí, diariamente (Yes, daily);Si;1;Andar;240;Lunes (Monday), Martes (Tuesday), Miércoles (Wednesday), Jueves (Thursday), Viernes (Friday);Workweek;Mañanas (Mornings);Mornings
02/11/2006;2006;17;Masculino (male);Sí, semanalmente (Yes, weekly);Si;3+;Fútbol (Football), Atletismo (correr, marcha etc) (Athletics (running, walking etc)), Voleibol ;180;Martes (Tuesday), Miércoles (Wednesday), Jueves (Thursday);Workweek;Tardes (Afternoons);Afternoon_evening
12/08/2006;2006;17;Femenino (female);No;No;0;Ninguno (None);0;Ninguno (None);None;Ninguno (None);None
15/01/1961;1961;62;Masculino (male);Sí, semanalmente (Yes, weekly);Si;1;Atletismo (correr, marcha etc) (Athletics (running, walking etc));260;Sábado (Saturday), Domingo (Sunday);Weekend;Mañanas (Mornings);Mornings
19/01/1979;1979;44;Femenino (female);No;No;0;Ninguno (None);0;Ninguno (None);None;Ninguno (None);None
17/08/2006;2006;17;Femenino (female);Sí, esporádicamente (Yes, sporadically);Si;1;Atletismo (correr, marcha etc) (Athletics (running, walking etc));60;Martes (Tuesday), Jueves (Thursday);Workweek;Tardes (Afternoons);Afternoon_evening
11/01/2002;2002;21;Masculino (male);Sí, esporádicamente (Yes, sporadically);Si;1;Baloncesto (Basketball), Gimnasio (Gym);1350;Viernes (Friday);Workweek;Tardes (Afternoons), Noches (Evenings);Afternoon_evening
27/11/2005;2005;18;Femenino (female);Sí, semanalmente (Yes, weekly);Si;1;Atletismo (correr, marcha etc) (Athletics (running, walking etc)), Gimnasio (Gym);120;Martes (Tuesday), Jueves (Thursday);Workweek;Tardes (Afternoons);Afternoon_evening
03/09/1966;1966;57;Femenino (female);Sí, semanalmente (Yes, weekly);Si;2;Pilates, yoga;120;Martes (Tuesday), Jueves (Thursday);Workweek;Tardes (Afternoons);Afternoon_evening
24/10/2006;2006;17;Femenino (female);Sí, esporádicamente (Yes, sporadically);Si;1;Gimnasio (Gym);0;Ninguno (None);None;Tardes (Afternoons);Afternoon_evening
26/09/1996;1996;27;Femenino (female);Sí, diariamente (Yes, daily);Si;1;Gimnasio (Gym);8;Lunes (Monday), Martes (Tuesday), Miércoles (Wednesday), Viernes (Friday);Workweek;Mañanas (Mornings);Mornings
07/08/2004;2004;19;Femenino (female);Sí, semanalmente (Yes, weekly);Si;2;Natación (Swimming), ;5;Lunes (Monday), Miércoles (Wednesday), Viernes (Friday);Workweek;Mañanas (Mornings);Mornings
29/07/1966;1966;57;Femenino (female);Sí, esporádicamente (Yes, sporadically);Si;1;Atletismo (correr, marcha etc) (Athletics (running, walking etc));0;Lunes (Monday), Jueves (Thursday), Domingo (Sunday), Ninguno (None);Week;Mañanas (Mornings);Mornings
02/03/2006;2006;17;Femenino (female);Sí, esporádicamente (Yes, sporadically);Si;0;Atletismo (correr, marcha etc) (Athletics (running, walking etc));0;Ninguno (None);None;Tardes (Afternoons);Afternoon_evening
13/01/1990;1990;33;Masculino (male);No;No;0;Ninguno (None);0;Ninguno (None);None;Ninguno (None);None
27/05/1991;1991;32;Femenino (female);Sí, semanalmente (Yes, weekly);Si;1;Gimnasio (Gym);240;Martes (Tuesday), Jueves (Thursday);Workweek;Mañanas (Mornings);Mornings
15/10/2001;2001;22;Masculino (male);Sí, semanalmente (Yes, weekly);Si;1;Gimnasio (Gym);150;Lunes (Monday), Jueves (Thursday);Workweek;Tardes (Afternoons);Afternoon_evening
09/08/1964;1964;59;Femenino (female);Sí, semanalmente (Yes, weekly);Si;2;Gimnasio (Gym), ;360;Lunes (Monday), Martes (Tuesday), Miércoles (Wednesday), Jueves (Thursday), Viernes (Friday), Sábado (Saturday);Week;Mañanas (Mornings);Mornings
10/04/1958;1958;65;Masculino (male);Sí, semanalmente (Yes, weekly);Si;2;Atletismo (correr, marcha etc) (Athletics (running, walking etc)), Motos;240;Miércoles (Wednesday), Domingo (Sunday);Week;Mañanas (Mornings);Mornings
19/09/1974;1974;49;Femenino (female);Sí, semanalmente (Yes, weekly);Si;1;Atletismo (correr, marcha etc) (Athletics (running, walking etc));180;Lunes (Monday), Miércoles (Wednesday), Jueves (Thursday);Workweek;Tardes (Afternoons);Any
13/07/1964;1964;59;Femenino (female);No;No;1;Ninguno (None), ;0;Ninguno (None);None;Ninguno (None);None
14/11/1985;1985;38;Femenino (female);Sí, esporádicamente (Yes, sporadically);Si;1;Ninguno (None);0;Ninguno (None);Weekend;Ninguno (None);None
01/03/1966;1966;57;Masculino (male);Sí, semanalmente (Yes, weekly);Si;2;Gimnasio (Gym), Yoga;240;Martes (Tuesday), Jueves (Thursday);Workweek;Tardes (Afternoons);Afternoon_evening
22/06/1979;1979;44;Masculino (male);Sí, semanalmente (Yes, weekly);Si;3+;Fútbol (Football), Tenis/Pádel (Tennis/padel), Gimnasio (Gym);300;Lunes (Monday), Martes (Tuesday), Miércoles (Wednesday), Jueves (Thursday), Viernes (Friday);Workweek;Noches (Evenings);Afternoon_evening
21/10/1983;1983;40;Masculino (male);Sí, esporádicamente (Yes, sporadically);Si;1;Ninguno (None);0;Sábado (Saturday);Weekend;Noches (Evenings);Afternoon_evening
26/03/2001;2001;22;Femenino (female);Sí, esporádicamente (Yes, sporadically);Si;1;Gimnasio (Gym);60;Lunes (Monday), Miércoles (Wednesday);Workweek;Noches (Evenings);Afternoon_evening
20/04/1961;1961;62;Masculino (male);Sí, semanalmente (Yes, weekly);Si;2;Atletismo (correr, marcha etc) (Athletics (running, walking etc)), Natación (Swimming);180;Lunes (Monday), Miércoles (Wednesday), Viernes (Friday);Workweek;Tardes (Afternoons);Afternoon_evening
23/09/1957;1957;66;Femenino (female);Sí, diariamente (Yes, daily);Si;1;Gimnasio (Gym);300;Lunes (Monday), Martes (Tuesday), Miércoles (Wednesday), Jueves (Thursday), Viernes (Friday);Workweek;Mañanas (Mornings);Mornings
02/03/1986;1986;37;Femenino (female);Sí, diariamente (Yes, daily);Si;2;Ejercicios aeróbicos y anaerobicos;80;Lunes (Monday), Martes (Tuesday), Miércoles (Wednesday), Viernes (Friday);Workweek;Tardes (Afternoons);Afternoon_evening
17/07/2001;2001;22;Femenino (female);No;No;1;Gimnasio (Gym);0;Ninguno (None);None;Tardes (Afternoons);Afternoon_evening
02/05/2001;2001;22;Femenino (female);Sí, semanalmente (Yes, weekly);Si;1;Gimnasio (Gym);480;Lunes (Monday), Martes (Tuesday), Jueves (Thursday), Sábado (Saturday);Week;Tardes (Afternoons);Afternoon_evening
02/08/1962;1962;61;Femenino (female);Sí, diariamente (Yes, daily);Si;1;Atletismo (correr, marcha etc) (Athletics (running, walking etc));420;Lunes (Monday), Martes (Tuesday), Miércoles (Wednesday), Jueves (Thursday), Viernes (Friday), Sábado (Saturday), Domingo (Sunday);Week;Tardes (Afternoons);Afternoon_evening
03/12/1964;1964;59;Masculino (male);No;No;0;Ninguno (None);0;Ninguno (None);None;Ninguno (None);None
03/01/2001;2001;22;Masculino (male);No;No;0;Ninguno (None);0;Ninguno (None);None;Ninguno (None);None
06/09/1985;1985;38;Femenino (female);Sí, semanalmente (Yes, weekly);Si;1;Patinaje;60;Viernes (Friday);Workweek;Mañanas (Mornings), Tardes (Afternoons);Any
03/07/1992;1992;31;Femenino (female);Sí, diariamente (Yes, daily);Si;2;Atletismo (correr, marcha etc) (Athletics (running, walking etc)), Gimnasio (Gym);230;Lunes (Monday), Martes (Tuesday), Miércoles (Wednesday), Jueves (Thursday), Viernes (Friday);Workweek;Mañanas (Mornings);Mornings
15/12/1991;1991;32;Masculino (male);Sí, semanalmente (Yes, weekly);Si;1;Tenis/Pádel (Tennis/padel);180;Lunes (Monday), Martes (Tuesday);Workweek;Tardes (Afternoons), Noches (Evenings);Afternoon_evening
18/04/1976;1976;47;Masculino (male);Sí, esporádicamente (Yes, sporadically);Si;1;Atletismo (correr, marcha etc) (Athletics (running, walking etc));420;Lunes (Monday), Martes (Tuesday), Miércoles (Wednesday), Jueves (Thursday), Viernes (Friday), Sábado (Saturday), Domingo (Sunday);Week;Mañanas (Mornings), Tardes (Afternoons);Any
29/08/1971;1971;52;Femenino (female);Sí, esporádicamente (Yes, sporadically);Si;1;Aerobic;180;Lunes (Monday), Martes (Tuesday), Miércoles (Wednesday), Jueves (Thursday), Sábado (Saturday);Week;Tardes (Afternoons);Afternoon_evening
08/01/1962;1962;61;Femenino (female);No;No;1;Atletismo (correr, marcha etc) (Athletics (running, walking etc));0;Ninguno (None);None;Mañanas (Mornings);Mornings
22/05/1997;1997;26;Femenino (female);Sí, esporádicamente (Yes, sporadically);Si;1;Gimnasio (Gym);180;Lunes (Monday), Martes (Tuesday), Jueves (Thursday), Viernes (Friday);Workweek;Mañanas (Mornings);Mornings
18/07/1973;1973;50;Masculino (male);Sí, semanalmente (Yes, weekly);Si;1;Atletismo (correr, marcha etc) (Athletics (running, walking etc));200;Lunes (Monday), Miércoles (Wednesday), Jueves (Thursday);Workweek;Tardes (Afternoons);Mornings
30/07/2022;2022;1;Masculino (male);Sí, diariamente (Yes, daily);Si;1;Muchísimo de sexo y hago esfuerzos ;240;Lunes (Monday), Martes (Tuesday), Miércoles (Wednesday), Jueves (Thursday), Viernes (Friday), Domingo (Sunday);Week;Mañanas (Mornings), Tardes (Afternoons), Noches (Evenings);Any
03/03/1968;1968;55;Masculino (male);Sí, esporádicamente (Yes, sporadically);Si;1;Atletismo (correr, marcha etc) (Athletics (running, walking etc));240;Lunes (Monday), Viernes (Friday), Sábado (Saturday), Domingo (Sunday);Week;Mañanas (Mornings), Tardes (Afternoons);Any
07/03/1960;1960;63;Masculino (male);Sí, esporádicamente (Yes, sporadically);Si;1;Yoga;120;Lunes (Monday), Jueves (Thursday);Workweek;Tardes (Afternoons);Afternoon_evening
30/09/1995;1995;28;Femenino (female);Sí, diariamente (Yes, daily);Si;3+;Tenis/Pádel (Tennis/padel), Atletismo (correr, marcha etc) (Athletics (running, walking etc)), Gimnasio (Gym), Baile ;300;Lunes (Monday), Martes (Tuesday), Miércoles (Wednesday), Jueves (Thursday), Sábado (Saturday);Week;Tardes (Afternoons);Afternoon_evening
01/01/2001;2001;22;Femenino (female);Sí, esporádicamente (Yes, sporadically);Si;1;Gimnasio (Gym);150;Lunes (Monday), Miércoles (Wednesday), Viernes (Friday);Workweek;Mañanas (Mornings);Mornings
08/01/1989;1989;34;Femenino (female);No;No;0;Ninguno (None);0;Ninguno (None);None;Ninguno (None);None
02/04/2001;2001;22;Masculino (male);Sí, diariamente (Yes, daily);Si;3+;Baloncesto (Basketball), Tenis/Pádel (Tennis/padel), Natación (Swimming), Gimnasio (Gym);840;Lunes (Monday), Martes (Tuesday), Miércoles (Wednesday), Jueves (Thursday), Viernes (Friday), Sábado (Saturday), Domingo (Sunday);Week;Mañanas (Mornings), Noches (Evenings);Any
01/05/2001;2001;22;Femenino (female);Sí, semanalmente (Yes, weekly);Si;2;Escalada, Atletismo (correr, marcha etc) (Athletics (running, walking etc));150;Martes (Tuesday), Jueves (Thursday);Workweek;Tardes (Afternoons);Afternoon_evening
06/10/2001;2001;22;Femenino (female);Sí, semanalmente (Yes, weekly);Si;1;Gimnasio (Gym);300;Lunes (Monday), Miércoles (Wednesday);Workweek;Mañanas (Mornings), Tardes (Afternoons);Any
24/12/1966;1966;57;Masculino (male);Sí, diariamente (Yes, daily);Si;2;Atletismo (correr, marcha etc) (Athletics (running, walking etc)), Gimnasio (Gym);240;Martes (Tuesday), Jueves (Thursday), Viernes (Friday), Domingo (Sunday);Week;Mañanas (Mornings), Tardes (Afternoons), Noches (Evenings);Any
26/07/2002;2002;21;Femenino (female);Sí, esporádicamente (Yes, sporadically);Si;1;Gimnasio (Gym);400;Sábado (Saturday), Domingo (Sunday);Weekend;Tardes (Afternoons);Afternoon_evening
05/05/1994;1994;29;Masculino (male);Sí, semanalmente (Yes, weekly);Si;2;Tenis/Pádel (Tennis/padel), Gimnasio (Gym);480;Lunes (Monday), Miércoles (Wednesday), Jueves (Thursday), Sábado (Saturday);Week;Mañanas (Mornings), Tardes (Afternoons);Any
25/04/1968;1968;55;Masculino (male);No;No;2;Ciclismo (Cycling), pilates;0;Ninguno (None);None;Tardes (Afternoons);Afternoon_evening
01/01/1967;1967;56;Femenino (female);Sí, semanalmente (Yes, weekly);Si;1;Yoga;180;Lunes (Monday), Miércoles (Wednesday);Workweek;Tardes (Afternoons);Afternoon_evening
08/04/1962;1962;61;Masculino (male);Sí, diariamente (Yes, daily);Si;3+;Atletismo (correr, marcha etc) (Athletics (running, walking etc)), Natación (Swimming), Gimnasio (Gym);1200;Lunes (Monday), Martes (Tuesday), Miércoles (Wednesday), Jueves (Thursday), Viernes (Friday), Sábado (Saturday), Domingo (Sunday);Week;Mañanas (Mornings), Tardes (Afternoons);Any
06/01/1971;1971;52;Femenino (female);Sí, semanalmente (Yes, weekly);Si;1;Yoga;120;Lunes (Monday), Miércoles (Wednesday);Workweek;Tardes (Afternoons);Afternoon_evening
12/09/1984;1984;39;Masculino (male);Sí, semanalmente (Yes, weekly);Si;1;Atletismo (correr, marcha etc) (Athletics (running, walking etc));4;Lunes (Monday), Martes (Tuesday), Miércoles (Wednesday), Jueves (Thursday), Sábado (Saturday);Week;Noches (Evenings);Afternoon_evening
16/10/1962;1962;61;Masculino (male);Sí, semanalmente (Yes, weekly);Si;2;Ciclismo (Cycling), Atletismo (correr, marcha etc) (Athletics (running, walking etc));250;Lunes (Monday), Martes (Tuesday), Miércoles (Wednesday), Jueves (Thursday), Viernes (Friday), Sábado (Saturday);Week;Mañanas (Mornings), Noches (Evenings);Any
25/06/1977;1977;46;Femenino (female);Sí, semanalmente (Yes, weekly);Si;2;Atletismo (correr, marcha etc) (Athletics (running, walking etc));180;Martes (Tuesday), Miércoles (Wednesday), Jueves (Thursday), Sábado (Saturday), Domingo (Sunday);Week;Tardes (Afternoons);Afternoon_evening
25/01/1965;1965;58;Masculino (male);Sí, diariamente (Yes, daily);Si;2;Atletismo (correr, marcha etc) (Athletics (running, walking etc)), Gimnasio (Gym);400;Lunes (Monday), Miércoles (Wednesday), Domingo (Sunday);Week;Tardes (Afternoons);Afternoon_evening
13/12/1977;1977;46;Masculino (male);Sí, diariamente (Yes, daily);Si;2;Natación (Swimming), Running;600;Lunes (Monday), Martes (Tuesday), Miércoles (Wednesday), Jueves (Thursday), Viernes (Friday), Sábado (Saturday), Domingo (Sunday);Week;Mañanas (Mornings), Tardes (Afternoons);Any
14/06/1989;1989;34;Masculino (male);Sí, diariamente (Yes, daily);Si;3+;Ciclismo (Cycling), Atletismo (correr, marcha etc) (Athletics (running, walking etc)), Gimnasio (Gym), Core;200;Lunes (Monday), Martes (Tuesday), Miércoles (Wednesday), Jueves (Thursday), Viernes (Friday), Sábado (Saturday), Domingo (Sunday), Ninguno (None);Week;Mañanas (Mornings), Tardes (Afternoons);Any
11/12/1984;1984;39;Femenino (female);Sí, diariamente (Yes, daily);Si;3+;Ciclismo (Cycling), Atletismo (correr, marcha etc) (Athletics (running, walking etc)), Gimnasio (Gym);600;Lunes (Monday), Miércoles (Wednesday), Jueves (Thursday), Viernes (Friday), Domingo (Sunday);Week;Tardes (Afternoons);Afternoon_evening
31/12/1975;1975;48;Femenino (female);Sí, diariamente (Yes, daily);Si;3+;Ciclismo (Cycling), Atletismo (correr, marcha etc) (Athletics (running, walking etc)), Gimnasio (Gym);360;Lunes (Monday), Martes (Tuesday), Miércoles (Wednesday), Jueves (Thursday), Viernes (Friday), Domingo (Sunday);Week;Mañanas (Mornings), Tardes (Afternoons);Any
28/04/1980;1980;43;Femenino (female);Sí, semanalmente (Yes, weekly);Si;3+;Atletismo (correr, marcha etc) (Athletics (running, walking etc)), Natación (Swimming), Alpinismo ;600;Martes (Tuesday), Jueves (Thursday), Domingo (Sunday);Week;Tardes (Afternoons);Afternoon_evening
14/05/1976;1976;47;Femenino (female);Sí, semanalmente (Yes, weekly);Si;1;Atletismo (correr, marcha etc) (Athletics (running, walking etc));180;Martes (Tuesday), Jueves (Thursday);Workweek;Tardes (Afternoons);Afternoon_evening
01/06/1977;1977;46;Femenino (female);Sí, semanalmente (Yes, weekly);Si;2;Atletismo (correr, marcha etc) (Athletics (running, walking etc)), Yoga;240;Lunes (Monday), Martes (Tuesday), Miércoles (Wednesday), Jueves (Thursday);Workweek;Tardes (Afternoons);Afternoon_evening
23/07/1960;1960;63;Masculino (male);Sí, diariamente (Yes, daily);Si;3+;Tenis/Pádel (Tennis/padel), Ciclismo (Cycling), Atletismo (correr, marcha etc) (Athletics (running, walking etc)), Natación (Swimming), Gimnasio (Gym);400;Lunes (Monday), Martes (Tuesday), Miércoles (Wednesday), Jueves (Thursday), Viernes (Friday), Domingo (Sunday);Week;Tardes (Afternoons);Afternoon_evening
19/04/1976;1976;47;Femenino (female);Sí, semanalmente (Yes, weekly);Si;2;Atletismo (correr, marcha etc) (Athletics (running, walking etc)), Gimnasio (Gym);300;Lunes (Monday), Martes (Tuesday), Jueves (Thursday), Viernes (Friday);Workweek;Mañanas (Mornings);Mornings
01/08/1976;1976;47;Masculino (male);Sí, esporádicamente (Yes, sporadically);Si;0;Ninguno (None);0;Ninguno (None);None;Ninguno (None);None
19/06/1970;1970;53;Femenino (female);Sí, esporádicamente (Yes, sporadically);Si;2;Atletismo (correr, marcha etc) (Athletics (running, walking etc)), Senderismo;360;Martes (Tuesday), Jueves (Thursday), Domingo (Sunday);Week;Tardes (Afternoons);Afternoon_evening
05/05/1969;1969;54;Femenino (female);Sí, semanalmente (Yes, weekly);Si;2;Gimnasio (Gym);180;Martes (Tuesday), Jueves (Thursday);Workweek;Mañanas (Mornings);Mornings
21/09/1973;1973;50;Masculino (male);Sí, diariamente (Yes, daily);Si;2;Atletismo (correr, marcha etc) (Athletics (running, walking etc)), Natación (Swimming);480;Lunes (Monday), Miércoles (Wednesday), Viernes (Friday), Sábado (Saturday), Domingo (Sunday);Week;Tardes (Afternoons);Afternoon_evening
07/12/1972;1972;51;Masculino (male);Sí, diariamente (Yes, daily);Si;3+;Ciclismo (Cycling), Atletismo (correr, marcha etc) (Athletics (running, walking etc)), Gimnasio (Gym), Artes marciales;120;Lunes (Monday), Miércoles (Wednesday), Viernes (Friday), Sábado (Saturday), Domingo (Sunday);Week;Mañanas (Mornings);Mornings
24/04/1987;1987;36;Femenino (female);Sí, diariamente (Yes, daily);Si;3+;Atletismo (correr, marcha etc) (Athletics (running, walking etc)), Natación (Swimming), Gimnasio (Gym), Montaña ;840;Lunes (Monday), Martes (Tuesday), Miércoles (Wednesday), Jueves (Thursday), Viernes (Friday), Sábado (Saturday), Domingo (Sunday);Week;Tardes (Afternoons);Afternoon_evening
03/02/1980;1980;43;Femenino (female);Sí, semanalmente (Yes, weekly);Si;2;Natación (Swimming), Gimnasio (Gym);120;Martes (Tuesday), Jueves (Thursday);Workweek;Noches (Evenings);Afternoon_evening
20/12/1983;1983;40;Masculino (male);Sí, semanalmente (Yes, weekly);Si;2;Atletismo (correr, marcha etc) (Athletics (running, walking etc)), Gimnasio (Gym);260;Lunes (Monday), Martes (Tuesday), Miércoles (Wednesday), Jueves (Thursday), Domingo (Sunday);Week;Tardes (Afternoons);Afternoon_evening
26/11/1962;1962;61;Masculino (male);Sí, diariamente (Yes, daily);Si;2;Atletismo (correr, marcha etc) (Athletics (running, walking etc)), Gimnasio (Gym);480;Lunes (Monday), Martes (Tuesday), Miércoles (Wednesday), Jueves (Thursday), Viernes (Friday), Sábado (Saturday), Domingo (Sunday);Week;Mañanas (Mornings), Tardes (Afternoons);Any
31/12/1977;1977;46;Femenino (female);Sí, semanalmente (Yes, weekly);Si;2;Atletismo (correr, marcha etc) (Athletics (running, walking etc)), Senderismo;240;Martes (Tuesday), Jueves (Thursday), Domingo (Sunday);Week;Mañanas (Mornings), Noches (Evenings);Any
25/09/1972;1972;51;Femenino (female);Sí, semanalmente (Yes, weekly);Si;1;Atletismo (correr, marcha etc) (Athletics (running, walking etc));200;Lunes (Monday), Martes (Tuesday), Jueves (Thursday), Domingo (Sunday);Week;Tardes (Afternoons);Afternoon_evening
07/01/1970;1970;53;Masculino (male);Sí, semanalmente (Yes, weekly);Si;2;Atletismo (correr, marcha etc) (Athletics (running, walking etc)), Natación (Swimming);180;Martes (Tuesday), Viernes (Friday), Sábado (Saturday);Week;Mañanas (Mornings), Tardes (Afternoons);Any
16/08/1967;1967;56;Femenino (female);Sí, semanalmente (Yes, weekly);Si;2;Atletismo (correr, marcha etc) (Athletics (running, walking etc)), Natación (Swimming);480;Martes (Tuesday), Miércoles (Wednesday), Jueves (Thursday), Viernes (Friday), Sábado (Saturday);Week;Tardes (Afternoons), Noches (Evenings);Afternoon_evening
15/10/1978;1978;45;Femenino (female);Sí, semanalmente (Yes, weekly);Si;2;Atletismo (correr, marcha etc) (Athletics (running, walking etc)), Natación (Swimming);300;Martes (Tuesday), Miércoles (Wednesday), Jueves (Thursday), Domingo (Sunday);Week;Tardes (Afternoons);Afternoon_evening
04/04/2023;2023;0;Femenino (female);Sí, diariamente (Yes, daily);Si;2;Gimnasio (Gym), ;240;Lunes (Monday), Martes (Tuesday), Miércoles (Wednesday), Jueves (Thursday);Workweek;Tardes (Afternoons);Afternoon_evening
09/07/1965;1965;58;Masculino (male);Sí, diariamente (Yes, daily);Si;3+;Atletismo (correr, marcha etc) (Athletics (running, walking etc)), Gimnasio (Gym);600;Lunes (Monday), Martes (Tuesday), Miércoles (Wednesday), Jueves (Thursday), Sábado (Saturday), Domingo (Sunday);Week;Mañanas (Mornings), Tardes (Afternoons);Any
25/05/1978;1978;45;Femenino (female);Sí, diariamente (Yes, daily);Si;2;Atletismo (correr, marcha etc) (Athletics (running, walking etc));1200;Lunes (Monday), Martes (Tuesday), Miércoles (Wednesday), Jueves (Thursday), Viernes (Friday), Sábado (Saturday), Domingo (Sunday);Week;Mañanas (Mornings), Noches (Evenings);Any
07/12/1974;1974;49;Femenino (female);Sí, diariamente (Yes, daily);Si;3+;Ciclismo (Cycling), Atletismo (correr, marcha etc) (Athletics (running, walking etc)), Natación (Swimming), Montaña;840;Martes (Tuesday), Jueves (Thursday), Sábado (Saturday), Domingo (Sunday);Week;Mañanas (Mornings), Tardes (Afternoons);Any
27/01/1984;1984;39;Femenino (female);Sí, esporádicamente (Yes, sporadically);Si;1;Kickboxing ;180;Martes (Tuesday), Jueves (Thursday);Workweek;Tardes (Afternoons);Afternoon_evening
24/05/1975;1975;48;Femenino (female);Sí, semanalmente (Yes, weekly);Si;3+;Atletismo (correr, marcha etc) (Athletics (running, walking etc)), Natación (Swimming), Gimnasio (Gym);360;Martes (Tuesday), Miércoles (Wednesday), Jueves (Thursday), Sábado (Saturday), Domingo (Sunday);Week;Tardes (Afternoons);Afternoon_evening
27/11/1971;1971;52;Femenino (female);Sí, semanalmente (Yes, weekly);Si;1;Atletismo (correr, marcha etc) (Athletics (running, walking etc));210;Martes (Tuesday), Jueves (Thursday), Domingo (Sunday);Week;Mañanas (Mornings), Tardes (Afternoons);Any
23/08/1976;1976;47;Femenino (female);Sí, semanalmente (Yes, weekly);Si;1;Atletismo (correr, marcha etc) (Athletics (running, walking etc));180;Martes (Tuesday), Jueves (Thursday);Workweek;Tardes (Afternoons);Afternoon_evening
28/09/2023;2023;0;Masculino (male);Sí, diariamente (Yes, daily);Si;3+;Atletismo (correr, marcha etc) (Athletics (running, walking etc)), Natación (Swimming), Gimnasio (Gym);480;Lunes (Monday), Miércoles (Wednesday), Viernes (Friday);Workweek;Tardes (Afternoons);Afternoon_evening
02/09/1978;1978;45;Masculino (male);Sí, semanalmente (Yes, weekly);Si;3+;Fútbol (Football), Baloncesto (Basketball), Atletismo (correr, marcha etc) (Athletics (running, walking etc)), Gimnasio (Gym);600;Lunes (Monday), Martes (Tuesday), Miércoles (Wednesday), Jueves (Thursday), Sábado (Saturday);Week;Mañanas (Mornings), Tardes (Afternoons);Any
18/06/1964;1964;59;Masculino (male);Sí, diariamente (Yes, daily);Si;2;Tenis/Pádel (Tennis/padel), Atletismo (correr, marcha etc) (Athletics (running, walking etc));600;Martes (Tuesday), Jueves (Thursday), Viernes (Friday), Sábado (Saturday), Domingo (Sunday);Week;Mañanas (Mornings);Mornings
01/12/1970;1970;53;Masculino (male);Sí, semanalmente (Yes, weekly);Si;3+;Atletismo (correr, marcha etc) (Athletics (running, walking etc)), Gimnasio (Gym);250;Lunes (Monday), Martes (Tuesday), Jueves (Thursday), Sábado (Saturday);Week;Mañanas (Mornings), Tardes (Afternoons);Any
10/07/2002;2002;21;Masculino (male);Sí, diariamente (Yes, daily);Si;2;Kick boxing, boxeo ;420;Lunes (Monday), Martes (Tuesday), Miércoles (Wednesday), Jueves (Thursday), Viernes (Friday);Workweek;Tardes (Afternoons);Afternoon_evening
04/06/1980;1980;43;Masculino (male);Sí, diariamente (Yes, daily);Si;3+;Tenis/Pádel (Tennis/padel), Atletismo (correr, marcha etc) (Athletics (running, walking etc)), Jiu Jitsu;420;Lunes (Monday), Miércoles (Wednesday), Viernes (Friday), Sábado (Saturday);Week;Mañanas (Mornings), Noches (Evenings);Any
31/08/1979;1979;44;Masculino (male);Sí, diariamente (Yes, daily);Si;3+;Ciclismo (Cycling), Atletismo (correr, marcha etc) (Athletics (running, walking etc)), Natación (Swimming), Gimnasio (Gym);600;Martes (Tuesday), Miércoles (Wednesday), Jueves (Thursday), Viernes (Friday), Sábado (Saturday), Domingo (Sunday);Week;Mañanas (Mornings), Tardes (Afternoons);Any
16/09/2000;2000;23;Masculino (male);Sí, diariamente (Yes, daily);Si;2;Atletismo (correr, marcha etc) (Athletics (running, walking etc)), Gimnasio (Gym);400;Lunes (Monday), Martes (Tuesday), Miércoles (Wednesday), Jueves (Thursday), Sábado (Saturday), Domingo (Sunday);Week;Mañanas (Mornings), Tardes (Afternoons);Any
30/05/2001;2001;22;Femenino (female);Sí, diariamente (Yes, daily);Si;1;Gimnasio (Gym);350;Martes (Tuesday), Miércoles (Wednesday), Jueves (Thursday), Viernes (Friday);Workweek;Mañanas (Mornings), Tardes (Afternoons);Any
27/02/1963;1963;60;Femenino (female);Sí, semanalmente (Yes, weekly);Si;2;Atletismo (correr, marcha etc) (Athletics (running, walking etc)), Gimnasio (Gym);600;Lunes (Monday), Miércoles (Wednesday), Domingo (Sunday);Week;Tardes (Afternoons), Noches (Evenings);Afternoon_evening
08/10/1968;1968;55;Masculino (male);Sí, semanalmente (Yes, weekly);Si;1;Atletismo (correr, marcha etc) (Athletics (running, walking etc));280;Martes (Tuesday), Jueves (Thursday), Domingo (Sunday);Week;Mañanas (Mornings), Tardes (Afternoons);Any
12/03/1972;1972;51;Masculino (male);Sí, semanalmente (Yes, weekly);Si;2;Tenis/Pádel (Tennis/padel), Atletismo (correr, marcha etc) (Athletics (running, walking etc));180;Miércoles (Wednesday), Sábado (Saturday), Domingo (Sunday);Week;Tardes (Afternoons);Afternoon_evening
24/05/1993;1993;30;Masculino (male);Sí, diariamente (Yes, daily);Si;2;Atletismo (correr, marcha etc) (Athletics (running, walking etc)), Gimnasio (Gym);300;Lunes (Monday), Martes (Tuesday), Miércoles (Wednesday), Jueves (Thursday), Sábado (Saturday);Week;Tardes (Afternoons);Afternoon_evening
20/10/2023;2023;0;Femenino (female);Sí, semanalmente (Yes, weekly);Si;3+;Atletismo (correr, marcha etc) (Athletics (running, walking etc));180;Lunes (Monday), Jueves (Thursday), Sábado (Saturday);Week;Tardes (Afternoons);Afternoon_evening
23/06/1992;1992;31;Femenino (female);Sí, diariamente (Yes, daily);Si;2;Atletismo (correr, marcha etc) (Athletics (running, walking etc)), CrossFit ;450;Martes (Tuesday), Miércoles (Wednesday), Jueves (Thursday), Viernes (Friday), Sábado (Saturday), Domingo (Sunday);Week;Tardes (Afternoons);Afternoon_evening
09/01/1989;1989;34;Masculino (male);Sí, diariamente (Yes, daily);Si;1;Atletismo (correr, marcha etc) (Athletics (running, walking etc));265;Martes (Tuesday), Miércoles (Wednesday), Jueves (Thursday), Sábado (Saturday), Domingo (Sunday);Week;Mañanas (Mornings), Tardes (Afternoons);Any
03/06/1988;1988;35;Masculino (male);Sí, diariamente (Yes, daily);Si;2;Atletismo (correr, marcha etc) (Athletics (running, walking etc)), Gimnasio (Gym);300;Lunes (Monday), Martes (Tuesday), Miércoles (Wednesday), Viernes (Friday), Domingo (Sunday);Week;Tardes (Afternoons);Afternoon_evening
09/04/1974;1974;49;Masculino (male);Sí, diariamente (Yes, daily);Si;2;Atletismo (correr, marcha etc) (Athletics (running, walking etc));500;Martes (Tuesday), Jueves (Thursday), Sábado (Saturday), Domingo (Sunday);Week;Mañanas (Mornings);Mornings
03/12/1991;1991;32;Masculino (male);Sí, semanalmente (Yes, weekly);Si;2;Atletismo (correr, marcha etc) (Athletics (running, walking etc)), Gimnasio (Gym);480;Lunes (Monday), Martes (Tuesday), Miércoles (Wednesday), Jueves (Thursday), Viernes (Friday), Sábado (Saturday), Domingo (Sunday);Week;Tardes (Afternoons);Afternoon_evening
08/07/1972;1972;51;Masculino (male);Sí, semanalmente (Yes, weekly);Si;2;Fútbol (Football), Atletismo (correr, marcha etc) (Athletics (running, walking etc));330;Martes (Tuesday), Jueves (Thursday), Sábado (Saturday);Week;Tardes (Afternoons);Afternoon_evening
04/07/1973;1973;50;Masculino (male);Sí, diariamente (Yes, daily);Si;3+;Tenis/Pádel (Tennis/padel), Ciclismo (Cycling), Atletismo (correr, marcha etc) (Athletics (running, walking etc));480;Lunes (Monday), Miércoles (Wednesday), Jueves (Thursday), Viernes (Friday), Sábado (Saturday), Domingo (Sunday);Week;Tardes (Afternoons);Afternoon_evening
24/04/1998;1998;25;Masculino (male);Sí, diariamente (Yes, daily);Si;1;Atletismo (correr, marcha etc) (Athletics (running, walking etc));360;Lunes (Monday), Miércoles (Wednesday), Jueves (Thursday), Sábado (Saturday), Domingo (Sunday);Week;Tardes (Afternoons);Afternoon_evening
30/09/1988;1988;35;Femenino (female);Sí, semanalmente (Yes, weekly);Si;1;Crossfit;120;Lunes (Monday), Jueves (Thursday);Workweek;Tardes (Afternoons);Afternoon_evening
10/12/1984;1984;39;Masculino (male);No;No;3+;Tenis/Pádel (Tennis/padel), Atletismo (correr, marcha etc) (Athletics (running, walking etc));0;Ninguno (None);None;Tardes (Afternoons);Afternoon_evening
19/12/1981;1981;42;Femenino (female);Sí, semanalmente (Yes, weekly);Si;2;Atletismo (correr, marcha etc) (Athletics (running, walking etc)), Gimnasio (Gym);180;Lunes (Monday), Sábado (Saturday), Domingo (Sunday);Week;Tardes (Afternoons);Afternoon_evening
01/09/1981;1981;42;Femenino (female);Sí, diariamente (Yes, daily);Si;1;Atletismo (correr, marcha etc) (Athletics (running, walking etc));330;Lunes (Monday), Miércoles (Wednesday), Viernes (Friday);Workweek;Mañanas (Mornings), Tardes (Afternoons);Any
09/09/1983;1983;40;Femenino (female);Sí, diariamente (Yes, daily);Si;2;Atletismo (correr, marcha etc) (Athletics (running, walking etc)), Gimnasio (Gym);400;Lunes (Monday), Miércoles (Wednesday), Jueves (Thursday), Sábado (Saturday), Domingo (Sunday);Week;Tardes (Afternoons);Afternoon_evening
15/08/1989;1989;34;Femenino (female);No;No;0;Ninguno (None);0;Ninguno (None);None;Ninguno (None);None
11/11/1988;1988;35;Masculino (male);Sí, semanalmente (Yes, weekly);Si;2;Tenis/Pádel (Tennis/padel), Atletismo (correr, marcha etc) (Athletics (running, walking etc));180;Lunes (Monday), Miércoles (Wednesday), Jueves (Thursday), Domingo (Sunday);Week;Tardes (Afternoons);Afternoon_evening
08/02/1978;1978;45;Masculino (male);Sí, semanalmente (Yes, weekly);Si;2;Atletismo (correr, marcha etc) (Athletics (running, walking etc)), Gimnasio (Gym);160;Lunes (Monday), Jueves (Thursday), Domingo (Sunday);Week;Tardes (Afternoons);Afternoon_evening
16/09/1993;1993;30;Masculino (male);Sí, diariamente (Yes, daily);Si;3+;Ciclismo (Cycling), Atletismo (correr, marcha etc) (Athletics (running, walking etc)), Natación (Swimming), Gimnasio (Gym);360;Lunes (Monday), Martes (Tuesday), Miércoles (Wednesday), Jueves (Thursday), Viernes (Friday), Sábado (Saturday);Week;Mañanas (Mornings);Mornings
14/12/1991;1991;32;Femenino (female);Sí, diariamente (Yes, daily);Si;1;Atletismo (correr, marcha etc) (Athletics (running, walking etc));240;Lunes (Monday), Martes (Tuesday), Jueves (Thursday), Sábado (Saturday);Week;Tardes (Afternoons);Afternoon_evening
24/02/1976;1976;47;Femenino (female);No;No;1;Atletismo (correr, marcha etc) (Athletics (running, walking etc));60;Jueves (Thursday);Workweek;Tardes (Afternoons);Afternoon_evening
19/09/1982;1982;41;Masculino (male);Sí, semanalmente (Yes, weekly);Si;2;Tenis/Pádel (Tennis/padel), Atletismo (correr, marcha etc) (Athletics (running, walking etc));210;Martes (Tuesday), Jueves (Thursday), Domingo (Sunday);Week;Noches (Evenings);Afternoon_evening
23/05/1975;1975;48;Masculino (male);Sí, semanalmente (Yes, weekly);Si;3+;Ciclismo (Cycling), Atletismo (correr, marcha etc) (Athletics (running, walking etc)), Gimnasio (Gym);60;Sábado (Saturday);Weekend;Tardes (Afternoons);Afternoon_evening
30/10/1964;1964;59;Masculino (male);Sí, diariamente (Yes, daily);Si;2;Ciclismo (Cycling), Atletismo (correr, marcha etc) (Athletics (running, walking etc));480;Lunes (Monday), Martes (Tuesday), Miércoles (Wednesday), Sábado (Saturday);Week;Tardes (Afternoons);Afternoon_evening
23/05/1969;1969;54;Femenino (female);Sí, semanalmente (Yes, weekly);Si;1;Atletismo (correr, marcha etc) (Athletics (running, walking etc));120;Lunes (Monday), Domingo (Sunday);Week;Mañanas (Mornings), Tardes (Afternoons);Any
01/10/2023;2023;0;Femenino (female);Sí, diariamente (Yes, daily);Si;1;Atletismo (correr, marcha etc) (Athletics (running, walking etc));480;Martes (Tuesday), Miércoles (Wednesday), Jueves (Thursday), Sábado (Saturday), Domingo (Sunday);Week;Tardes (Afternoons);Afternoon_evening
22/01/2023;2023;0;Masculino (male);Sí, diariamente (Yes, daily);Si;2;Ciclismo (Cycling), Atletismo (correr, marcha etc) (Athletics (running, walking etc));480;Lunes (Monday), Miércoles (Wednesday), Jueves (Thursday), Sábado (Saturday), Domingo (Sunday);Week;Mañanas (Mornings);Mornings
26/10/1972;1972;51;Femenino (female);Sí, semanalmente (Yes, weekly);Si;1;Atletismo (correr, marcha etc) (Athletics (running, walking etc));180;Martes (Tuesday), Jueves (Thursday), Sábado (Saturday);Week;Mañanas (Mornings), Tardes (Afternoons);Any
20/09/1959;1959;64;Masculino (male);Sí, diariamente (Yes, daily);Si;3+;Ciclismo (Cycling), Atletismo (correr, marcha etc) (Athletics (running, walking etc)), Natación (Swimming), Gimnasio (Gym);300;Lunes (Monday), Martes (Tuesday), Jueves (Thursday), Viernes (Friday), Sábado (Saturday);Week;Tardes (Afternoons);Afternoon_evening
02/02/1992;1992;31;Masculino (male);Sí, diariamente (Yes, daily);Si;3+;Tenis/Pádel (Tennis/padel), Atletismo (correr, marcha etc) (Athletics (running, walking etc));300;Martes (Tuesday), Jueves (Thursday), Sábado (Saturday), Domingo (Sunday);Week;Mañanas (Mornings), Tardes (Afternoons);Any
23/04/1963;1963;60;Femenino (female);Sí, diariamente (Yes, daily);Si;2;Ciclismo (Cycling), Atletismo (correr, marcha etc) (Athletics (running, walking etc));400;Lunes (Monday), Martes (Tuesday), Miércoles (Wednesday), Jueves (Thursday), Viernes (Friday), Domingo (Sunday);Week;Mañanas (Mornings), Tardes (Afternoons);Any
